{
  "position": [
    477857.7362544154,
    4428224.21083251,
    350.31130166815547
  ],
  "focal_point": [
    477655.9461142959,
    4428309.715902275,
    223.58324747274068
  ],
  "view_up": [
    -0.4429029156530613,
    0.23650761601397263,
    0.8648127860256257
  ],
  "view_angle": 30.0,
  "parallel_projection": false,
  "parallel_scale": 202.178629903772,
  "clipping_range": [
    227.13021994284355,
    1278.4565211192776
  ]
}